CST1;CST2;CST3;CST4;CST5;CST6;CST7;Shareable Sample Name;Acinetobacter johnsonii;Acinetobacter lwoffii;Anaerococcus unclassified;Corynebacteriaceae unclassified;Corynebacterium kroppenstedtii;Corynebacterium tuberculostearicum;Corynebacterium tuberculostearicum C<0.8;Corynebacterium unclassified;Corynebacterium unclassified C<0.8;Dolosigranulum unclassified;Enterobacteriaceae unclassified C<0.8;Averyella C<0.8;Erwinia C<0.8;Leclercia C<0.8;Klebsiella C<0.8;Proteus unclassified;Proteus vulgaris;Proteus vulgaris C<0.8;Raoultella C<0.8;Serratia marcescens;unclassified Escherichia;Finegoldia unclassified;Moraxella unclassified;Moraxellaceae unclassified;Moraxellaceae unclassified C<0.8;Peptoniphilus asaccharolyticus;Propionibacterium acnes;Propionibacterium granulosum;Pseudomonas unclassified;Psychrobacter unclassified;Simonsiella unclassified;Simonsiella unclassified C<0.8;Staphylococcus aprophyticus C<0.8;Staphylococcus aureus;Staphylococcus aureus C<0.8;Staphylococcus auricularis C<0.8;Staphylococcus capitis C<0.8;Staphylococcus caprae C<0.8;Staphylococcus epidermidis;Staphylococcus epidermidis C<0.8;Staphylococcus haemolyticus C<0.8;Staphylococcus hominis C<0.8;Staphylococcus lugdunensis;Staphylococcus lugdunensis C<0.8;Staphylococcus pasteuri C<0.8;Staphylococcus pettenkoferi C<0.8;Staphylococcus warneri C<0.8;Stenotrophomonas unclassified;Streptococcus unclassified;Streptococcus unclassified C<0.8
1;0;0;0;0;0;0;GWU_1;0;0;0;0;0;0;0;1;0;0;0;0;0;0;0;0;0;0;0;0;0;1;0;0;0;0;0;0;0;0;0;0;0;2896;1060;189;1;3;55;9;17;0;0;41;18;0;12;0;0;0
1;0;0;0;0;0;0;GWU_2;0;1;9;0;20;0;3;39;6;10;0;0;6;0;2;0;0;0;0;0;0;4;422;0;0;7;26;6;0;0;7;41;0;614;722;74;1;4;42;48;1;0;0;6;2;0;6;54;0;1
1;0;0;0;0;0;0;GWU_3;0;0;1;0;0;1;11;4;7;0;0;0;9;0;0;0;0;0;0;0;0;0;0;0;0;0;17;4;0;0;0;1;0;705;699;73;21;2;152;110;9;1;0;14;7;4;25;5;1;2
1;0;0;0;0;0;0;GWU_4;0;0;2;0;2;0;1;2;0;4;0;0;0;0;0;0;0;0;0;0;0;0;0;0;0;3;13;0;0;0;0;0;0;1077;288;111;5;12;204;103;4;1;0;11;11;4;11;0;1;3
1;0;0;0;0;0;0;GWU_5;0;0;0;0;0;0;0;3;0;3;0;0;0;0;0;0;0;0;0;0;0;0;0;0;0;0;4;0;0;0;0;0;0;3119;1063;183;0;2;4;7;3;0;0;26;18;0;3;0;12;1
1;0;0;0;0;0;0;GWU_6;0;0;3;2;0;3;4;154;18;152;0;0;0;0;0;0;0;0;0;0;0;2;0;0;0;4;40;0;0;0;25;43;1;833;919;90;20;4;33;34;5;1;0;13;9;2;13;1;0;1
1;0;0;0;0;0;0;GWU_7;0;0;2;4;8;0;1;29;2;4;0;0;0;0;0;0;0;0;0;0;0;0;46;0;0;0;39;0;0;3;2;6;0;81;73;10;0;1;7;6;2;1;0;1;1;0;1;0;0;0
1;0;0;0;0;0;0;GWU_8;0;0;0;0;0;3;13;77;12;0;0;0;0;0;0;0;0;0;0;0;0;0;1;0;0;0;26;0;0;0;0;0;1;1466;1539;553;0;6;43;25;6;0;0;189;17;0;7;0;2;0
1;0;0;0;0;0;0;GWU_9;0;0;0;0;0;0;0;8;0;0;0;0;7;0;2;0;0;0;0;0;0;0;0;0;0;0;11;0;0;0;1;17;3;1728;976;159;3;7;94;38;4;0;0;31;5;2;5;157;2;1
1;0;0;0;0;0;0;GWU_10;0;0;33;5;11;1;15;67;30;534;0;0;0;0;0;0;0;0;0;0;0;3;0;1;0;10;43;1;3;0;8;21;2;847;320;53;2;4;80;16;3;5;0;6;10;1;7;0;13;36
1;0;0;0;0;0;0;GWU_11;3;0;1;0;0;0;1;1;1;0;0;0;0;0;0;0;0;0;0;0;0;0;0;73;37;0;5;3;0;0;0;0;0;2201;927;137;0;8;89;41;7;0;0;20;14;2;5;0;3;1
1;0;0;0;0;0;0;GWU_12;5;0;0;4;4;0;4;37;7;90;0;0;1;0;0;0;0;0;0;0;0;0;0;0;0;0;2;0;0;0;6;9;1;789;925;210;3;7;69;12;3;1;2;43;59;0;6;0;8;12
1;0;0;0;0;0;0;GWU_13;0;0;2;3;0;5;3;71;17;123;0;0;1;0;0;0;0;0;0;0;0;3;0;0;0;1;15;1;0;0;2;2;1;705;1215;253;7;33;168;129;26;15;0;13;22;2;20;17;2;1
1;0;0;0;0;0;0;GWU_14;0;0;0;0;0;0;0;9;0;2;0;0;0;0;0;0;0;0;0;0;0;0;0;0;0;0;3;0;0;0;0;0;0;91;121;23;0;1;5;5;0;3;0;2;2;0;1;0;0;1
1;0;0;0;0;0;0;GWU_15;0;0;0;0;0;0;1;2;0;0;0;0;0;0;0;0;0;0;0;0;0;1;0;0;0;0;2;1;0;2;0;0;0;594;1017;113;1;25;21;26;3;5;0;16;10;0;2;0;2;1
1;0;0;0;0;0;0;GWU_16;9;5;11;0;0;1;2;2;3;0;0;0;4;0;2;0;0;0;0;0;0;8;0;0;0;1;11;0;149;0;5;15;6;933;950;96;1;2;28;30;5;3;0;11;8;0;4;26;4;2
1;0;0;0;0;0;0;GWU_17;0;0;0;0;2;0;0;22;5;21;0;0;31;7;11;0;0;0;0;0;0;0;67;0;0;0;6;0;0;0;0;0;0;635;401;177;0;1;20;16;1;0;1;13;9;0;3;242;1;1
1;0;0;0;0;0;0;GWU_18;0;8;0;0;0;0;5;1;0;78;0;0;7;0;1;0;0;0;0;0;0;0;0;0;0;2;4;0;0;0;0;0;0;454;673;344;0;2;9;69;6;2;0;15;5;0;3;62;1;3
1;0;0;0;0;0;0;GWU_19;0;0;0;0;0;1;2;7;8;0;0;0;0;0;0;0;0;0;0;0;0;0;0;0;0;0;0;0;0;0;0;0;1;699;537;104;6;11;58;94;6;4;3;10;9;4;22;0;0;0
1;0;0;0;0;0;0;GWU_20;0;0;0;0;0;2;6;113;19;98;0;0;0;0;1;0;0;0;0;0;0;0;0;0;0;0;2;0;0;0;0;1;2;485;703;82;0;3;15;16;1;1;0;8;4;0;3;0;0;0
1;0;0;0;0;0;0;GWU_21;0;0;58;4;0;1;19;44;14;0;0;0;0;0;0;0;0;0;0;0;0;10;1;1;0;39;472;24;0;0;0;3;14;1321;657;274;15;11;187;56;16;31;0;32;8;7;22;0;2;6
1;0;0;0;0;0;0;GWU_22;0;0;0;0;1;0;1;82;5;352;0;0;1;0;0;0;0;0;0;0;0;0;0;0;0;0;5;0;0;0;0;0;0;551;537;76;0;0;4;8;0;0;2;5;1;0;0;1;0;0
0;1;0;0;0;0;0;GWU_23;0;0;10;0;0;3;5;108;19;1;0;0;1826;0;639;0;0;0;0;0;0;2;0;0;0;2;39;1;0;0;0;3;3;0;2;1;24;14;349;161;9;11;0;4;19;3;79;0;0;0
0;1;0;0;0;0;0;GWU_24;0;3;0;0;0;0;0;17;1;84;3637;0;547;0;234;159;0;66;0;0;173;10;5;0;0;0;0;0;0;0;0;0;0;0;0;0;0;0;0;0;0;0;0;0;0;0;0;0;0;0
0;1;0;0;0;0;0;GWU_25;0;0;0;0;0;0;0;0;0;0;0;0;0;0;0;0;0;0;0;0;991;0;0;0;0;0;9;0;0;0;0;0;0;0;0;0;0;0;2;3;0;0;17;8;2;0;5;14;0;0
0;1;0;0;0;0;0;GWU_26;0;0;0;0;0;1;0;35;6;18;915;0;134;0;402;0;0;0;0;0;0;0;0;0;0;1;2;0;0;0;0;0;0;0;0;0;0;0;0;1;0;0;0;0;0;0;0;0;0;0
0;1;0;0;0;0;0;GWU_27;0;0;0;0;0;0;0;0;1;1;4;0;408;494;122;0;0;0;0;0;1;0;0;0;0;0;0;0;1;0;0;0;0;0;0;0;0;0;1;0;0;0;0;0;0;0;0;0;0;0
0;1;0;0;0;0;0;GWU_28;0;0;0;0;0;0;0;2;1;5;0;0;0;0;0;0;0;0;0;0;1749;0;0;1;0;0;0;0;0;0;0;0;0;1;0;0;0;0;0;0;0;0;0;0;0;0;0;0;2;9
0;1;0;0;0;0;0;GWU_29;0;0;0;24;0;2;1;74;18;4;0;0;0;0;1;0;0;0;0;0;2529;0;0;0;0;0;38;0;0;0;6;38;0;0;0;0;1;0;31;34;0;6;0;0;0;0;9;0;0;0
0;1;0;0;0;0;0;GWU_30;0;0;0;0;0;0;0;59;6;154;1523;0;580;1;256;0;0;0;0;0;0;0;0;0;0;0;1;0;0;0;0;0;0;0;0;0;0;0;1;0;0;0;0;0;0;0;0;0;0;0
0;1;0;0;0;0;0;GWU_31;0;0;0;0;0;0;1;0;1;0;0;457;0;0;1;0;0;0;495;0;0;0;0;0;0;0;1;0;0;0;0;0;0;0;0;1;2;1;5;3;0;0;0;0;0;0;0;0;0;0
0;1;0;0;0;0;0;GWU_32;0;0;0;0;0;0;1;1;0;0;0;0;0;0;0;0;0;0;0;1572;0;0;3;0;0;0;0;0;0;0;0;0;0;0;0;0;0;0;1;1;0;0;0;0;0;0;0;0;0;0
0;1;0;0;0;0;0;GWU_33;0;0;0;0;0;0;0;5;1;6;0;0;0;0;0;0;0;0;0;0;1432;0;4;0;0;0;0;0;0;0;0;0;0;0;0;0;0;0;0;0;0;0;0;0;0;0;0;0;0;0
0;1;0;0;0;0;0;GWU_34;0;0;6;0;0;1;4;9;1;0;0;0;3;1;0;0;121;3;0;0;1734;3;1;0;0;3;32;11;0;0;1;3;3;0;0;0;1;0;43;11;0;2;0;1;2;0;3;11;0;4
0;1;0;0;0;0;0;GWU_35;0;0;0;0;0;0;0;3;0;3;0;0;0;0;0;0;959;387;0;0;0;0;0;0;0;0;0;0;0;0;0;0;0;0;0;0;0;0;0;0;0;0;0;0;0;0;0;0;0;1
0;1;0;0;0;0;0;GWU_36;0;0;0;0;0;0;1;29;8;33;1;0;0;0;0;0;1256;297;0;0;1;0;0;0;0;0;0;0;0;0;0;0;0;0;0;0;0;0;0;0;0;0;0;1;2;0;0;0;0;0
0;1;0;0;0;0;0;GWU_37;0;0;0;0;0;0;0;0;1;0;183;0;0;75;0;0;0;0;25;0;0;0;0;0;0;0;0;0;0;0;0;0;0;0;0;0;0;0;17;11;0;0;0;0;1;1;1;1;0;0
0;1;0;0;0;0;0;GWU_38;0;0;1;0;0;1;2;45;8;0;17;644;0;11;1;0;0;0;217;0;0;0;0;0;0;0;1;0;0;0;0;1;0;0;0;0;0;0;4;5;0;0;0;0;0;0;0;1;0;0
0;0;1;0;0;0;0;GWU_39;7;1;55;0;37;12;80;231;181;0;0;0;0;0;0;0;0;0;0;0;0;0;0;1;0;36;420;1;0;0;11;19;5;4;6;0;8;14;446;158;9;5;0;0;23;6;23;0;9;5
0;0;1;0;0;0;0;GWU_40;0;0;0;9;4;0;6;0;1;0;0;0;0;0;0;0;0;0;0;0;0;0;1;0;0;0;16;1;0;0;0;0;0;0;1;0;1;0;21;4;0;0;0;0;0;0;2;0;0;0
0;0;1;0;0;0;0;GWU_41;105;19;7;0;0;10;109;13;57;0;0;0;1;0;2;0;0;0;0;0;0;38;0;4;0;10;76;11;2;0;17;80;1;9;9;0;14;15;573;165;8;10;0;3;9;6;29;0;36;39
0;0;1;0;0;0;0;GWU_42;31;8;39;0;7;1;25;6;15;1;0;0;26;1;4;0;0;0;0;0;5;12;0;0;0;3;4;13;0;1;0;0;1;0;0;0;30;11;322;185;6;68;0;14;16;5;33;210;20;7
0;0;1;0;0;0;0;GWU_43;5;5;13;0;0;1;22;271;38;0;2;0;0;0;0;0;0;0;0;0;0;0;1;1;0;0;25;0;3;0;0;0;0;1;1;0;33;25;614;554;8;59;0;8;20;13;71;1;11;10
0;0;1;0;0;0;0;GWU_44;0;0;22;0;16;7;66;13;26;0;0;0;7;0;2;0;0;0;0;0;0;7;0;0;0;0;3;15;2;0;10;16;0;428;320;61;19;18;423;282;8;2;0;7;16;9;41;67;0;0
0;0;1;0;0;0;0;GWU_45;0;2;3;0;0;0;0;29;6;16;0;0;20;2;18;0;0;0;0;0;0;5;0;0;0;5;41;2;0;0;0;1;2;88;103;12;7;7;235;140;8;75;0;2;4;3;33;363;20;7
0;0;1;0;0;0;0;GWU_46;10;2;13;5;0;4;13;177;35;0;0;0;0;0;0;0;0;0;0;0;1;22;0;17;0;0;0;48;7;1;2;68;15;0;5;2;46;20;716;578;17;39;0;6;33;25;85;0;54;49
0;0;1;0;0;0;0;GWU_47;1;6;5;19;2;1;56;2;16;24;0;0;0;0;0;0;0;0;0;0;0;0;172;0;0;0;289;10;0;1;66;116;1;0;5;2;33;15;507;469;5;23;0;3;6;8;37;4;14;4
0;0;1;0;0;0;0;GWU_48;0;0;0;0;13;0;2;18;2;0;0;0;0;0;0;0;0;0;0;0;0;0;0;0;0;8;34;0;0;0;1;22;0;0;0;0;36;7;211;114;0;0;0;1;3;1;45;0;0;1
0;0;1;0;0;0;0;GWU_49;1;0;22;0;0;3;14;141;37;1;0;0;0;0;0;0;0;0;0;0;4;3;0;0;0;1;59;5;0;0;0;0;5;4;6;1;19;24;467;238;9;6;0;4;19;15;43;1;6;9
0;0;1;0;0;0;0;GWU_50;0;1;11;0;0;4;0;214;25;107;0;0;13;3;8;0;0;0;0;0;0;0;0;0;0;3;22;11;0;0;0;0;2;0;2;0;39;18;469;410;17;14;0;3;40;25;64;149;10;14
0;0;1;0;0;0;0;GWU_51;0;0;0;0;6;1;6;72;14;0;1;0;33;8;15;0;0;0;0;0;0;0;0;3;0;0;60;1;0;0;0;0;6;1;3;0;41;27;725;368;5;8;0;14;25;8;58;357;15;5
0;0;1;0;0;0;0;GWU_52;0;1;16;1;0;1;12;81;19;0;0;0;0;0;0;0;0;0;0;0;0;5;0;1;0;0;180;14;0;0;0;0;3;0;0;0;4;8;115;46;4;3;0;1;3;2;6;0;0;0
0;0;1;0;0;0;0;GWU_53;0;2;14;5;0;0;9;1;2;1;0;0;21;6;8;0;0;0;0;0;0;0;0;0;0;0;112;20;0;1;0;0;48;0;0;0;21;16;637;146;19;12;63;23;17;4;47;138;1;0
0;0;1;0;0;0;0;GWU_54;2;1;43;10;4;0;17;1;4;0;5;0;44;12;12;1;0;0;0;0;0;0;0;1;0;7;417;23;2;0;0;0;1;80;32;3;6;15;456;181;6;1;0;2;22;7;34;422;0;0
0;0;1;0;0;0;0;GWU_55;0;0;1;0;0;1;0;30;7;1;0;0;0;1;0;0;0;0;0;0;1;3;3;1;0;3;10;4;0;0;3;5;0;0;0;1;12;1;44;31;0;9;5;3;2;1;14;0;12;4
0;0;1;0;0;0;0;GWU_56;0;4;160;3;0;7;53;27;28;1;434;0;5;94;2;0;0;0;162;0;0;79;0;0;0;197;357;32;0;0;4;7;0;1;5;0;13;22;616;191;12;8;0;10;14;8;43;0;0;4
0;0;1;0;0;0;0;GWU_57;8;0;0;0;0;0;0;9;1;23;0;0;0;0;0;0;0;0;0;0;0;9;0;0;0;4;72;0;0;0;3;15;0;0;2;0;28;16;386;475;10;55;0;6;22;17;62;0;0;1
0;0;1;0;0;0;0;GWU_58;11;0;59;3;1;1;60;32;39;1;0;0;5;0;1;0;0;0;0;0;0;17;0;1;0;62;113;9;0;0;0;11;0;227;274;30;97;31;530;493;7;20;149;62;46;44;232;58;3;3
0;0;1;0;0;0;0;GWU_59;19;1;15;0;0;1;3;12;3;286;0;0;0;0;0;0;0;0;0;0;0;11;0;0;0;24;28;3;0;0;0;3;1;635;749;100;25;18;341;435;9;13;11;18;20;11;55;0;0;2
0;0;1;0;0;0;0;GWU_60;0;0;0;0;0;0;0;3;0;6;0;0;0;0;0;0;0;0;0;0;0;0;19;0;0;0;11;0;0;0;0;0;0;0;1;0;1;0;16;8;0;1;0;0;3;0;2;0;0;0
0;0;1;0;0;0;0;GWU_61;6;6;4;0;10;1;3;209;17;83;0;2;15;3;9;0;0;0;3;0;0;6;0;0;0;15;152;2;2;0;8;10;2;0;0;0;0;4;166;99;2;4;0;3;41;1;28;151;13;5
0;0;1;0;0;0;0;GWU_62;3;0;4;38;0;3;32;44;63;0;0;0;8;0;1;0;0;0;0;0;0;2;0;0;0;2;168;6;0;0;0;0;0;0;0;0;11;7;195;127;1;0;0;1;4;7;30;35;1;1
0;0;1;0;0;0;0;GWU_63;0;0;2;0;0;0;11;0;7;3;0;0;0;0;0;0;0;0;0;0;0;0;0;1;0;3;92;0;0;0;0;0;296;3;11;1;26;47;905;205;20;261;0;49;23;17;74;0;6;6
0;0;1;0;0;0;0;GWU_64;0;0;0;0;0;0;7;67;5;0;0;0;0;0;0;0;0;0;0;0;562;11;0;0;0;0;1;0;0;0;0;0;0;0;3;0;6;13;455;178;9;3;0;4;18;3;34;0;0;0
0;0;1;0;0;0;0;GWU_65;1;0;4;0;0;3;1;31;10;9;0;0;0;0;0;0;0;0;0;0;0;0;14;0;0;20;220;0;0;0;0;4;0;0;2;0;7;4;148;63;2;11;2;0;7;2;7;0;1;1
0;0;1;0;0;0;0;GWU_66;0;0;8;8;46;2;33;96;25;257;0;0;0;0;0;0;0;0;0;0;0;7;0;0;0;13;184;5;0;0;6;86;0;63;74;10;23;16;454;142;5;4;0;7;7;4;41;0;1;2
0;0;1;0;0;0;0;GWU_67;15;0;1;0;0;7;6;261;75;0;0;0;1;0;0;0;0;0;0;0;0;0;0;14;0;2;65;0;0;1;2;31;2;88;135;15;25;11;212;223;10;62;0;15;12;11;37;20;15;10
0;0;1;0;0;0;0;GWU_68;0;2;2;0;3;1;2;0;15;0;0;0;4;0;0;0;0;0;0;0;0;0;0;1;0;1;13;0;0;1;2;42;3;342;603;92;28;19;616;496;13;7;0;17;12;15;70;9;0;0
0;0;1;0;0;0;0;GWU_69;0;0;34;0;2;1;25;2;13;5;0;0;22;2;10;0;0;0;0;0;0;5;97;0;0;50;135;8;0;0;0;0;0;10;12;11;9;13;85;144;10;11;0;1;0;2;9;145;8;7
0;0;1;0;0;0;0;GWU_70;0;0;2;7;0;1;20;1;6;0;0;0;0;0;0;0;0;0;0;0;0;1;0;0;0;4;51;0;0;0;0;0;1;34;16;0;6;5;162;48;0;6;4;1;2;1;16;0;0;0
0;0;1;0;0;0;0;GWU_71;0;0;0;15;21;4;32;87;30;0;0;0;18;5;5;0;0;0;0;0;0;0;0;0;0;0;31;0;4;0;3;7;0;118;147;34;32;3;139;188;1;2;23;8;2;3;21;147;0;0
0;0;1;0;0;0;0;GWU_72;0;1;16;0;2;5;25;575;115;0;0;0;39;4;16;0;0;0;0;0;0;2;0;0;0;15;272;6;0;0;0;0;0;0;1;0;11;13;176;220;5;22;0;1;7;10;40;356;0;0
0;0;1;0;0;0;0;GWU_73;0;0;18;0;11;15;180;0;81;1;0;0;20;4;3;0;0;0;0;0;0;10;0;0;0;12;174;3;0;0;0;2;0;0;4;0;11;22;515;146;94;49;0;4;12;8;39;83;6;5
0;0;1;0;0;0;0;GWU_74;0;0;6;10;0;3;33;134;112;1;0;0;0;0;0;0;0;0;0;0;0;1;0;15;3;1;84;2;0;0;0;0;3;0;11;1;50;51;1134;402;41;71;0;8;28;8;132;0;0;0
0;0;1;0;0;0;0;GWU_75;0;0;14;16;0;1;22;18;14;0;0;0;5;0;0;0;0;0;0;0;0;2;0;0;0;0;69;1;0;0;1;4;1;1;7;1;79;50;509;179;6;10;59;16;8;2;46;20;0;0
0;0;1;0;0;0;0;GWU_76;0;0;35;8;1;1;7;34;29;7;0;0;6;1;1;0;0;0;0;0;0;19;0;0;0;24;102;3;0;0;0;0;0;0;1;0;7;7;93;94;3;3;3;1;8;2;31;98;1;0
0;0;1;0;0;0;0;GWU_77;0;1;42;28;7;5;65;1;38;0;0;0;0;0;0;0;0;0;0;0;4;19;0;1;0;44;183;17;0;0;2;49;6;1;13;1;86;97;2732;720;51;50;39;43;25;35;251;0;0;0
0;0;1;0;0;0;0;GWU_78;0;0;4;0;1;3;15;158;48;97;0;0;0;0;0;0;0;0;0;0;0;8;0;0;0;4;18;1;0;0;0;0;0;608;667;56;15;8;220;169;2;42;0;23;8;10;28;0;1;0
0;0;0;1;0;0;0;GWU_79;4;0;54;1;1;0;13;244;44;0;0;0;0;0;0;0;0;0;0;0;0;94;0;0;0;88;143;10;0;0;3;5;33;0;1;0;8;8;184;55;2;10;1;1;5;6;16;0;65;54
0;0;0;1;0;0;0;GWU_80;5;0;5;0;0;0;0;32;4;1;0;0;0;0;0;0;0;0;0;0;0;0;1;0;0;3;9;0;0;0;0;3;0;0;0;0;0;3;19;4;1;0;2;1;1;0;0;0;0;1
0;0;0;1;0;0;0;GWU_81;3;1;26;0;0;5;32;468;138;115;0;0;0;0;0;0;0;0;0;0;0;1;75;0;0;21;80;15;0;0;12;81;9;16;22;7;6;13;257;48;5;55;10;12;7;5;67;0;22;15
0;0;0;1;0;0;0;GWU_82;0;0;0;0;27;0;12;73;12;0;0;0;0;0;0;0;0;0;0;0;0;0;0;2;0;0;179;1;0;0;106;180;1;0;0;0;9;0;2;5;2;0;3;1;2;1;2;0;12;4
0;0;0;1;0;0;0;GWU_83;0;5;13;0;12;14;6;422;71;0;0;0;3;0;0;7;0;1;0;0;0;0;0;2;0;16;93;2;0;0;15;44;1;0;0;0;22;12;501;284;7;11;0;4;20;14;127;9;0;2
0;0;0;1;0;0;0;GWU_84;10;0;1;8;0;8;15;277;31;12;0;0;3;0;0;0;0;0;0;0;0;3;0;5;0;6;160;16;0;0;0;0;21;0;1;0;6;30;327;94;9;7;0;2;25;4;50;0;16;11
0;0;0;1;0;0;0;GWU_85;0;1;17;9;0;5;19;343;34;121;0;0;17;7;8;0;0;0;1;0;0;2;0;340;181;21;134;2;0;0;0;0;0;0;1;0;1;0;27;5;0;1;0;2;2;1;0;0;8;9
0;0;0;1;0;0;0;GWU_86;2;0;6;0;0;0;2;275;19;309;5;0;0;0;0;0;0;0;3;0;0;3;377;225;367;6;87;2;0;0;0;1;0;0;2;0;0;0;1;0;0;0;0;0;1;0;0;0;2;0
0;0;0;1;0;0;0;GWU_87;0;0;0;0;0;13;12;194;52;47;0;0;0;0;0;0;0;0;0;0;0;0;139;0;0;1;0;1;0;0;0;1;0;0;0;0;4;1;23;25;0;0;0;0;0;1;0;0;150;118
0;0;0;1;0;0;0;GWU_88;3;4;0;0;10;1;4;100;23;0;0;0;0;0;0;0;0;0;0;0;11;1;1;1;0;5;128;1;1;0;0;0;0;176;107;33;4;3;134;66;3;5;0;6;12;1;19;0;218;142
0;0;0;1;0;0;0;GWU_89;3;0;1;2;46;0;0;0;0;0;0;0;0;2;0;0;0;0;0;0;0;0;0;0;0;0;63;0;0;0;0;0;7;0;1;0;1;0;19;8;7;16;0;1;0;1;2;0;7;0
0;0;0;1;0;0;0;GWU_90;0;10;36;2;0;14;34;492;100;0;0;0;0;2;0;0;0;0;0;0;0;35;17;2;0;51;77;6;0;0;1;5;0;15;45;10;36;10;147;118;3;3;0;0;5;7;13;0;31;14
0;0;0;1;0;0;0;GWU_91;0;3;26;0;0;5;38;409;85;1;1;0;17;1;8;0;0;0;0;0;0;18;376;0;0;0;51;11;0;0;1;43;1;1;3;0;71;10;207;77;26;6;0;4;7;7;19;202;3;5
0;0;0;1;0;0;0;GWU_92;12;1;3;42;9;3;8;242;34;0;0;0;3;0;2;0;0;0;0;0;1;0;0;0;0;2;312;5;0;0;117;198;0;0;0;0;8;9;68;77;3;32;0;10;2;1;34;12;55;53
0;0;0;1;0;0;0;GWU_93;1;3;12;12;0;16;14;559;119;423;0;0;2;0;0;0;0;0;0;0;0;0;0;7;0;0;183;0;0;0;0;0;2;0;3;0;17;13;305;211;4;11;0;1;24;5;46;12;27;17
0;0;0;1;0;0;0;GWU_94;1;0;1;16;6;5;21;86;27;0;0;0;2;0;1;0;0;0;0;0;3;3;0;0;0;0;170;0;2;0;0;0;0;3;8;1;6;0;42;27;1;4;0;2;20;0;8;2;2;0
0;0;0;1;0;0;0;GWU_95;0;0;21;11;0;3;11;215;47;0;0;0;0;0;0;0;0;0;0;0;0;24;0;0;0;30;654;30;0;0;9;28;0;22;32;5;5;4;40;69;5;3;0;3;4;3;14;4;3;2
0;0;0;1;0;0;0;GWU_96;0;0;0;5;0;1;5;105;26;183;97;0;1;0;0;497;0;173;0;0;0;4;492;0;8;8;2;0;0;0;0;4;3;0;0;0;0;0;8;3;0;0;0;0;1;0;1;0;2;2
0;0;0;1;0;0;0;GWU_97;0;0;0;0;0;0;2;9;1;0;0;0;0;0;0;0;0;0;0;0;0;0;0;0;0;0;8;0;0;0;1;13;4;0;1;0;1;0;7;4;1;0;0;0;0;0;0;0;2;0
0;0;0;1;0;0;0;GWU_98;0;616;0;0;0;2;0;24;3;34;0;0;0;0;0;0;0;0;0;0;1;0;0;0;0;0;5;0;0;416;0;0;0;0;0;0;0;1;3;0;0;0;0;0;0;0;1;0;0;0
0;0;0;1;0;0;0;GWU_99;1;1;1;13;1;9;34;456;123;172;0;0;3;0;2;0;0;0;0;0;0;0;0;6;0;1;121;1;0;0;0;2;2;3;3;0;12;5;270;167;5;63;0;19;6;5;34;14;25;10
0;0;0;1;0;0;0;GWU_100;0;0;0;0;0;0;0;0;0;0;0;0;0;0;0;0;0;0;0;0;0;1;0;0;0;0;15;0;0;0;0;0;0;0;0;0;0;0;1;1;0;0;0;0;0;0;1;0;0;0
0;0;0;1;0;0;0;GWU_101;0;0;0;3;0;0;0;0;0;0;0;0;0;1;0;0;1;1;0;0;0;0;0;0;0;0;62;1;1;0;0;0;0;0;0;0;0;0;21;2;1;0;0;1;0;0;0;0;0;1
0;0;0;1;0;0;0;GWU_102;1;1;2;0;0;0;2;0;0;1;0;0;0;0;0;0;0;0;0;0;0;0;0;0;0;0;129;1;0;0;0;0;0;56;51;9;5;6;37;13;5;0;0;1;2;2;1;0;0;1
0;0;0;1;0;0;0;GWU_103;0;1;3;0;2;0;12;45;15;0;0;2;88;0;0;0;0;0;26;0;0;2;0;7;0;12;58;2;0;0;0;6;1;0;1;0;9;4;59;26;2;1;0;0;1;1;7;0;10;14
0;0;0;1;0;0;0;GWU_104;1;0;45;13;0;3;39;473;66;78;1;0;0;0;0;0;0;0;0;0;0;2;29;0;0;27;302;21;0;0;0;0;0;0;4;0;9;5;230;103;8;10;0;2;13;0;18;0;0;0
0;0;0;1;0;0;0;GWU_105;16;2;28;90;66;19;161;650;169;0;0;0;0;0;0;0;0;0;0;0;1;71;0;0;0;56;608;24;0;0;7;78;2;1;10;0;50;50;1042;333;25;185;0;18;36;15;120;0;69;42
0;0;0;1;0;0;0;GWU_106;11;62;86;50;0;4;16;620;86;0;1;27;0;0;0;62;0;65;107;0;0;29;0;0;0;55;345;7;0;0;0;0;0;0;0;0;2;1;62;36;11;41;0;10;3;1;1;0;9;10
0;0;0;1;0;0;0;GWU_107;0;11;3;1;9;3;14;628;64;18;190;0;3;62;0;3;0;0;0;0;72;2;322;0;0;4;10;0;0;1;0;0;0;0;2;0;0;0;2;0;0;0;0;0;0;0;0;0;0;0
0;0;0;1;0;0;0;GWU_108;0;0;9;11;0;2;15;365;76;30;0;0;297;284;121;0;0;0;0;0;0;1;29;0;0;7;0;2;0;0;0;0;0;0;1;0;2;2;103;52;1;0;0;1;4;3;8;0;0;0
0;0;0;1;0;0;0;GWU_109;0;0;0;1;0;4;9;116;20;0;0;0;36;5;8;0;0;0;0;0;0;0;8;0;0;0;56;4;0;0;0;0;6;0;0;0;1;0;24;20;0;2;0;0;0;2;2;273;0;0
0;0;0;1;0;0;0;GWU_110;0;0;0;0;0;0;0;9;3;21;0;0;0;0;0;0;0;0;0;0;0;0;0;0;0;0;0;0;652;0;0;0;2;1;0;0;30;5;140;147;3;0;0;0;23;6;17;0;2;0
0;0;0;1;0;0;0;GWU_111;0;0;4;2;0;5;12;359;95;86;0;0;0;0;0;0;0;0;0;0;0;0;768;0;0;0;43;1;0;0;0;0;2;0;0;0;7;8;148;108;5;1;0;5;4;2;29;0;0;1
0;0;0;1;0;0;0;GWU_112;0;0;0;1;5;1;5;31;10;1;0;0;2;1;1;0;0;0;0;0;1;0;0;0;0;0;55;0;0;0;0;5;0;1;2;0;7;1;3;2;0;0;11;7;0;0;0;54;0;0
0;0;0;1;0;0;0;GWU_113;0;0;9;2;0;5;14;393;92;5;467;0;150;0;120;0;0;0;0;0;2;2;0;0;0;4;1;1;0;0;0;0;0;0;0;0;2;0;4;8;0;18;0;8;0;0;0;0;0;0
0;0;0;1;0;0;0;GWU_114;0;0;25;7;0;18;39;722;174;209;0;0;134;0;0;0;0;0;0;0;0;3;0;0;0;35;26;3;1;0;0;0;3;2;5;0;72;21;630;615;32;12;0;3;49;26;75;4;0;0
0;0;0;1;0;0;0;GWU_115;0;0;0;1;0;23;33;1131;176;25;475;0;0;206;0;0;0;0;229;0;0;1;0;0;0;0;5;0;0;0;0;0;0;0;0;1;0;0;2;4;0;1;0;0;1;0;0;0;0;1
0;0;0;1;0;0;0;GWU_116;0;0;0;24;0;3;14;174;34;196;0;0;1;3;0;0;0;0;0;0;0;6;0;0;0;4;34;8;0;0;0;0;4;0;2;0;6;6;271;138;1;4;0;1;0;5;19;43;1;0
0;0;0;1;0;0;0;GWU_117;0;0;0;70;13;6;31;541;116;2;217;0;31;2;23;0;0;0;0;0;0;0;1;1;0;4;257;1;0;0;0;8;0;0;0;0;16;8;112;115;6;10;105;29;2;4;13;35;1;0
0;0;0;1;0;0;0;GWU_118;0;0;0;0;0;0;0;44;9;125;0;0;0;0;0;0;0;0;0;0;0;0;1;0;0;0;0;0;0;2367;0;0;0;0;0;0;1;0;14;13;0;0;4;1;1;0;1;0;3;3
0;0;0;1;0;0;0;GWU_119;0;0;23;8;5;5;28;123;52;0;17;0;61;19;18;0;0;0;3;0;0;3;0;0;0;14;542;7;0;0;2;7;0;0;0;0;10;7;114;81;1;15;0;7;8;7;20;508;10;6
0;0;0;1;0;0;0;GWU_120;0;0;2;135;0;9;28;113;217;24;0;0;16;6;8;0;0;0;0;0;0;0;442;2;0;1;68;0;0;0;0;0;1;83;51;22;3;9;85;20;2;3;0;1;1;1;3;124;1;1
0;0;0;1;0;0;0;GWU_121;0;0;41;41;8;3;15;285;44;145;21;0;0;3;1;0;0;0;0;0;0;4;0;0;0;16;192;3;0;0;1;15;1;176;63;10;3;4;81;20;6;9;0;2;4;1;10;0;0;0
0;0;0;1;0;0;0;GWU_122;0;0;12;9;0;6;21;59;14;4;0;0;0;0;0;0;0;0;0;0;0;1;49;0;0;10;193;3;0;0;0;0;1;0;0;0;1;2;41;19;0;2;8;2;0;0;2;0;3;0
0;0;0;1;0;0;0;GWU_123;0;0;34;19;0;7;18;444;73;30;0;0;0;0;0;0;0;0;0;0;1;2;0;47;29;1;183;18;0;0;0;0;3;4;4;0;10;29;435;127;6;11;6;7;8;10;43;0;2;2
0;0;0;1;0;0;0;GWU_124;0;0;57;45;0;3;24;449;50;38;0;0;0;0;0;0;0;0;0;0;0;146;0;0;0;117;45;15;0;0;0;0;0;1;2;0;7;15;217;89;9;9;87;26;21;4;13;0;5;4
0;0;0;1;0;0;0;GWU_125;0;0;16;0;1;6;18;300;51;414;0;0;1;0;0;0;0;0;0;0;1545;9;0;0;0;14;25;2;0;0;0;1;0;0;0;0;5;0;29;25;1;0;0;0;1;0;5;0;0;1
0;0;0;1;0;0;0;GWU_126;0;0;0;0;0;0;0;0;0;0;6;39;4;0;0;0;0;0;19;0;0;0;0;0;0;0;0;0;929;0;0;0;0;0;0;0;0;0;0;0;0;0;0;0;0;0;0;6;0;0
0;0;0;1;0;0;0;GWU_127;2466;0;2;0;0;7;10;468;57;29;0;0;0;0;0;0;0;0;0;0;0;0;48;0;0;1;0;0;0;0;0;0;0;0;3;0;5;5;207;54;1;5;0;2;4;1;15;0;0;0
0;0;0;1;0;0;0;GWU_128;0;0;44;10;20;10;27;518;84;0;0;0;0;0;0;0;0;0;0;0;0;8;0;1;0;1;80;20;0;0;3;27;5;1;1;0;20;9;206;215;7;66;37;19;5;8;20;23;10;6
0;0;0;1;0;0;0;GWU_129;0;0;67;5;0;13;27;528;133;411;0;0;1;0;1;0;0;0;0;0;1;9;0;1;0;31;64;6;0;0;6;4;0;0;2;0;21;5;194;133;4;21;0;0;3;11;34;21;0;0
0;0;0;0;1;0;0;GWU_130;0;0;0;0;0;2;22;547;63;0;0;0;0;0;0;0;0;0;0;0;0;0;0;35;0;2;74;0;0;0;0;0;0;0;2;1;17;8;284;129;5;29;0;1;20;10;61;0;2;18
0;0;0;0;1;0;0;GWU_131;0;0;7;1;2;11;37;698;91;0;0;0;0;0;0;0;0;0;0;0;6;0;39;1;0;18;155;12;0;0;5;55;1;0;0;2;7;7;183;62;0;6;0;4;15;2;15;0;2;0
0;0;0;0;1;0;0;GWU_132;0;0;12;2;0;44;51;1233;229;121;0;0;0;0;0;0;0;0;0;0;0;0;0;0;0;0;0;8;0;0;1;0;0;0;3;0;23;15;140;60;2;5;0;4;4;2;17;0;8;1
0;0;0;0;1;0;0;GWU_133;0;0;0;0;0;1;1;48;3;0;0;0;1;0;0;0;0;0;0;0;0;0;0;0;0;0;10;0;0;0;1;8;0;0;0;0;0;0;16;6;4;0;1;0;0;0;0;0;0;0
0;0;0;0;1;0;0;GWU_134;15;3;2;0;17;0;4;1120;72;212;0;0;0;0;0;0;0;0;0;0;0;2;0;0;0;0;109;0;0;0;0;8;2;4;1;1;2;2;45;14;11;12;0;1;1;0;5;0;20;12
0;0;0;0;1;0;0;GWU_135;0;0;10;0;1;21;17;583;130;1;118;0;4;64;1;0;0;0;1;0;0;24;0;3;0;8;47;7;1;0;0;1;2;4;1;2;7;3;97;73;28;17;0;0;3;4;8;34;2;1
0;0;0;0;1;0;0;GWU_136;0;0;5;0;0;14;37;624;275;0;0;0;3;7;0;0;0;0;0;0;0;4;0;0;0;3;50;2;0;0;1;20;1;0;0;0;13;7;111;17;2;5;0;3;2;2;88;41;0;0
0;0;0;0;1;0;0;GWU_137;0;0;0;0;0;28;54;1099;256;135;0;0;0;0;0;0;0;0;0;0;0;0;0;0;0;0;1;1;0;0;1;4;0;2;1;1;1;0;3;1;3;2;0;1;1;0;0;0;3;2
0;0;0;0;1;0;0;GWU_138;0;0;9;2;0;73;118;4097;620;641;4;0;0;0;0;0;0;0;0;0;1;0;383;0;0;26;22;7;0;0;0;0;1;0;0;0;10;9;327;119;9;18;0;2;22;4;38;0;6;4
0;0;0;0;1;0;0;GWU_139;0;0;1;9;0;25;46;1071;188;222;0;0;1;0;0;0;0;0;0;0;1;1;0;0;0;6;16;2;0;0;1;8;0;1;0;0;11;1;61;29;2;0;0;0;0;0;6;1;5;1
0;0;0;0;1;0;0;GWU_140;0;0;6;2;0;25;52;1376;292;8;0;0;0;0;0;0;0;0;0;0;0;5;12;0;0;6;5;0;0;0;0;0;0;0;8;0;8;17;327;71;4;4;1;0;11;3;30;0;0;0
0;0;0;0;1;0;0;GWU_141;0;0;0;3;0;49;115;3078;528;50;0;0;0;0;0;0;0;0;0;0;0;0;0;0;0;1;10;2;0;2;0;0;0;2;0;0;1;1;61;17;0;2;0;3;1;1;4;0;0;0
0;0;0;0;1;0;0;GWU_142;0;0;11;4;0;8;33;595;120;62;0;0;0;0;0;0;0;0;0;0;0;6;0;1;0;19;99;4;0;0;2;5;0;0;0;0;3;9;78;38;1;28;0;5;1;3;8;0;0;3
0;0;0;0;1;0;0;GWU_143;0;1;39;9;117;67;61;1200;200;0;0;0;0;0;0;0;0;0;0;0;0;24;0;0;0;38;150;9;0;0;30;149;0;0;0;0;16;15;84;117;1;8;0;0;7;4;16;0;24;25
0;0;0;0;1;0;0;GWU_144;0;0;0;0;0;29;55;1673;281;56;0;0;0;0;0;0;0;0;0;0;1;0;0;0;0;0;6;2;0;0;0;2;0;0;0;0;2;2;17;9;0;0;0;0;0;0;3;0;2;0
0;0;0;0;1;0;0;GWU_145;0;0;7;3;1;10;31;448;121;0;0;0;0;0;0;0;0;0;0;0;1;4;0;0;0;6;14;3;0;0;0;3;0;0;0;0;24;7;148;136;2;21;0;6;7;6;15;0;1;1
0;0;0;0;1;0;0;GWU_146;0;0;11;65;6;5;28;1241;142;0;0;0;11;6;2;0;0;0;0;0;0;0;0;0;0;9;267;14;0;0;10;110;0;0;2;0;14;7;153;69;11;2;0;2;6;5;18;60;3;0
0;0;0;0;1;0;0;GWU_147;0;1;21;15;0;14;44;992;155;74;0;0;3;0;2;0;0;0;0;0;0;3;0;0;0;11;70;12;0;0;0;0;0;1;2;0;15;20;471;373;7;4;0;3;10;7;60;13;2;7
0;0;0;0;1;0;0;GWU_148;0;0;2;0;0;25;96;1896;351;0;0;0;0;0;0;0;0;0;0;0;0;2;0;0;0;2;6;14;0;0;1;7;6;1;1;0;62;18;538;259;4;31;0;4;5;7;39;0;5;2
0;0;0;0;1;0;0;GWU_149;0;0;0;1;0;19;21;835;175;154;0;0;2;0;1;0;0;0;0;0;0;4;0;0;0;2;62;5;0;0;3;1;0;0;0;0;9;1;38;24;1;6;0;3;0;1;52;13;0;8
0;0;0;0;0;1;0;GWU_150;19;0;11;0;1;0;4;55;10;177;7;0;0;0;0;0;0;0;0;0;1;6;643;0;0;16;66;8;0;0;1;24;0;0;0;0;8;4;129;35;5;3;0;0;0;1;15;0;0;4
0;0;0;0;0;1;0;GWU_151;0;0;0;0;0;0;0;52;6;68;0;0;1;2;3;0;0;0;0;0;0;0;1190;0;0;0;1;0;0;0;0;0;1;398;195;54;1;1;7;2;3;0;0;2;7;0;0;35;0;2
0;0;0;0;0;1;0;GWU_152;2;0;7;0;0;0;3;166;16;714;0;0;0;0;0;0;0;0;0;0;0;2;753;0;0;23;1;0;1;0;0;1;0;0;1;0;3;5;61;24;0;3;0;0;7;1;6;0;23;4
0;0;0;0;0;1;0;GWU_153;83;3;1;1;6;0;0;54;4;172;0;0;0;0;0;0;0;0;0;0;0;0;455;0;0;3;17;3;2;0;1;8;0;0;0;1;1;1;44;30;0;0;0;1;2;1;4;0;31;4
0;0;0;0;0;1;0;GWU_154;0;0;2;2;3;2;4;163;13;443;0;0;0;0;0;0;0;0;0;0;0;3;902;0;0;7;22;0;0;0;1;11;0;0;0;0;1;0;6;6;1;0;0;0;0;1;0;0;1;0
0;0;0;0;0;1;0;GWU_155;0;0;0;0;0;0;1;4;0;230;0;0;0;0;0;0;0;0;0;0;0;0;873;0;0;0;1;0;0;0;1;0;0;199;163;14;0;0;0;2;1;0;0;0;1;1;0;0;0;0
0;0;0;0;0;1;0;GWU_156;0;0;2;13;5;2;4;62;7;279;0;0;2;0;3;0;1;0;0;0;0;0;557;1;0;1;13;4;0;0;0;3;0;73;73;12;3;1;20;32;2;2;0;1;5;2;11;2;0;0
0;0;0;0;0;1;0;GWU_157;0;0;4;0;0;0;0;7;2;158;0;0;0;0;0;0;0;0;0;0;0;0;622;0;0;0;8;0;0;0;0;0;0;3;1;2;0;2;1;1;0;0;0;0;0;0;0;15;0;0
0;0;0;0;0;1;0;GWU_158;0;0;0;0;0;1;1;46;3;912;0;0;0;0;0;0;0;0;0;0;0;0;1579;0;0;0;1;0;0;0;0;1;0;0;0;0;0;0;0;2;0;0;0;0;0;0;0;0;0;0
0;0;0;0;0;1;0;GWU_159;0;0;1;1;19;4;4;72;19;156;0;0;0;0;0;0;0;0;0;0;0;0;686;3;1;1;25;3;0;0;21;97;1;0;0;0;0;0;7;4;1;2;11;1;0;0;4;0;0;0
0;0;0;0;0;0;1;GWU_160;0;1;29;0;4;4;10;591;54;570;0;0;0;0;0;0;0;0;0;0;0;15;528;0;0;20;134;5;0;0;2;5;0;2;0;0;4;2;71;27;0;5;0;4;0;2;4;0;1;0
0;0;0;0;0;0;1;GWU_161;0;0;2;0;0;0;5;5;2;103;0;0;0;0;0;0;0;0;0;0;0;0;0;0;0;0;17;6;0;2;0;3;0;0;0;0;0;0;1;4;2;0;0;0;1;1;0;0;0;8
0;0;0;0;0;0;1;GWU_162;0;0;0;0;0;0;1;42;6;1225;0;0;0;0;0;0;0;0;0;0;2;0;0;0;0;0;23;0;0;0;0;2;0;1;0;0;4;2;55;40;0;6;0;0;0;2;12;0;3;1
0;0;0;0;0;0;1;GWU_163;13;0;1;16;0;2;3;169;44;848;5;0;18;5;3;0;0;0;0;0;0;52;0;14;0;95;12;0;1;0;4;0;0;0;0;0;36;0;102;74;12;4;0;0;6;3;10;145;9;3
0;0;0;0;0;0;1;GWU_164;0;0;0;0;1;0;0;113;16;1366;0;0;0;0;0;0;0;0;0;0;0;0;0;0;0;0;19;3;0;0;0;0;0;0;0;1;0;0;3;1;0;0;0;1;1;1;1;0;1;0
0;0;0;0;0;0;1;GWU_165;0;0;38;2;10;0;10;134;18;811;0;0;9;0;3;0;0;0;0;0;0;31;162;0;0;18;59;0;0;0;0;0;66;0;0;0;12;5;219;97;5;23;0;8;5;11;30;77;10;7
0;0;0;0;0;0;1;GWU_166;5;4;15;2;0;26;49;1666;270;1774;0;0;0;0;0;0;1;1;0;0;0;0;0;1;0;0;32;1;0;0;0;22;1;0;0;0;3;8;144;66;1;7;0;1;5;3;7;0;17;10
0;0;0;0;0;0;1;GWU_167;4;0;0;0;0;9;124;572;121;340;0;0;0;0;0;0;0;0;0;0;0;1;0;0;0;0;0;1;0;1;0;0;0;0;2;0;4;2;87;58;1;1;0;0;2;4;8;0;18;26
0;0;0;0;0;0;1;GWU_168;0;0;2;0;0;6;11;422;45;646;0;0;0;0;0;0;0;0;0;0;0;10;289;0;0;5;34;0;0;0;0;0;0;0;0;0;5;0;3;1;1;0;0;0;0;0;2;0;5;14
0;0;0;0;0;0;1;GWU_169;2;0;18;39;1;8;21;517;157;855;0;0;0;0;0;0;0;0;0;0;1;62;0;0;0;50;61;1;0;1;18;28;0;0;0;0;0;0;46;28;1;0;0;1;2;0;7;1;20;18
0;0;0;0;0;0;1;GWU_170;1;0;1;3;0;10;4;432;89;933;0;0;0;0;0;0;0;0;0;0;0;0;0;0;0;0;12;2;0;0;4;3;0;0;0;0;1;0;1;4;0;0;0;0;0;0;1;0;10;6
0;0;0;0;0;0;1;GWU_171;0;2;15;15;20;8;43;856;182;450;0;0;0;0;0;0;0;0;0;0;4;8;321;0;0;21;86;3;0;0;1;36;0;0;0;0;1;0;7;3;0;0;0;0;1;0;1;0;2;0
0;0;0;0;0;0;1;GWU_172;0;0;10;5;0;1;5;379;54;499;1;0;0;1;0;0;0;0;1;0;0;4;203;4;0;3;35;4;0;0;1;11;0;0;0;1;2;0;12;13;1;0;0;0;0;1;1;0;1;0
0;0;0;0;0;0;1;GWU_173;0;1;18;8;0;11;17;424;80;556;0;0;0;0;0;0;0;0;0;0;0;18;447;0;0;49;31;8;0;0;0;3;0;0;0;0;3;4;116;35;3;1;0;1;4;0;13;0;0;0
0;0;0;0;0;0;1;GWU_174;0;0;5;2;0;0;2;143;21;567;0;0;0;0;0;0;0;0;0;0;0;6;0;0;0;13;5;0;0;0;0;0;0;1;2;0;4;0;13;18;0;6;0;0;1;0;3;0;3;6
0;0;0;0;0;0;1;GWU_175;0;0;8;0;13;14;29;552;161;653;0;0;0;0;0;0;0;0;0;0;0;0;0;2;0;5;7;0;0;0;0;1;0;0;0;0;4;1;9;10;0;2;0;0;2;0;3;28;1;0
0;0;0;0;0;0;1;GWU_176;0;0;1;0;6;10;3;516;87;543;2;0;2;0;1;0;0;0;0;0;0;0;0;0;0;7;73;1;0;0;0;0;0;97;128;9;7;1;45;69;2;1;14;4;15;1;3;15;4;11
0;0;0;0;0;0;1;GWU_177;0;0;2;0;0;1;7;383;50;606;0;0;0;0;0;0;0;0;0;0;0;0;0;2;0;0;52;2;1;0;1;8;2;0;1;0;9;5;140;135;3;2;42;9;14;2;32;0;0;0
0;0;0;0;0;0;1;GWU_178;6;0;3;0;0;2;6;646;77;197;0;0;0;0;0;0;0;0;0;0;1;0;158;0;0;0;19;0;0;5;0;0;0;0;1;0;5;1;55;31;1;0;0;0;2;2;14;10;22;26