dataset_name,Adjusted Rand Score,method,seed
cancer,0.4914245362245552,KMeans,70
cancer,0.2872456066095377,Ward,70
moons_low_nose,0.2542208572780221,Spectral Custering,70
moons_low_nose,0.20896014331886312,KMeans,70
moons_low_nose,0.44278792396571004,Ward,70
moons_high_nose,0.2474842315647899,Spectral Custering,70
moons_high_nose,0.2342863747711604,KMeans,70
moons_high_nose,0.37433673280753,Ward,70
blobs_2_low_nose,1.0,Spectral Custering,70
blobs_2_low_nose,1.0,KMeans,70
blobs_2_low_nose,1.0,Ward,70
blobs_2_high_nose,1.0,Spectral Custering,70
blobs_2_high_nose,1.0,KMeans,70
blobs_2_high_nose,1.0,Ward,70
blobs_4_low_nose,0.8294411635354725,Spectral Custering,70
blobs_4_low_nose,0.8294411635354725,KMeans,70
blobs_4_low_nose,0.4559939832024248,Ward,70
blobs_4_high_nose,0.8294411635354725,Spectral Custering,70
blobs_4_high_nose,0.8294411635354725,KMeans,70
blobs_4_high_nose,0.4559939832024248,Ward,70
cancer,0.4914245362245552,KMeans,90
cancer,0.2872456066095377,Ward,90
moons_low_nose,0.2892229247989673,Spectral Custering,90
moons_low_nose,0.26795342471964273,KMeans,90
moons_low_nose,0.2280826990993699,Ward,90
moons_high_nose,0.27496162984459105,Spectral Custering,90
moons_high_nose,0.2278179103248857,KMeans,90
moons_high_nose,0.25443212817298394,Ward,90
blobs_2_low_nose,1.0,Spectral Custering,90
blobs_2_low_nose,1.0,KMeans,90
blobs_2_low_nose,1.0,Ward,90
blobs_2_high_nose,1.0,Spectral Custering,90
blobs_2_high_nose,1.0,KMeans,90
blobs_2_high_nose,1.0,Ward,90
blobs_4_low_nose,0.8805288136390635,Spectral Custering,90
blobs_4_low_nose,0.8597932851978486,KMeans,90
blobs_4_low_nose,0.4404662875962576,Ward,90
blobs_4_high_nose,0.8805288136390635,Spectral Custering,90
blobs_4_high_nose,0.8597932851978486,KMeans,90
blobs_4_high_nose,0.4404662875962576,Ward,90
cancer,0.4914245362245552,KMeans,20
cancer,0.2872456066095377,Ward,20
moons_low_nose,0.2342863747711604,Spectral Custering,20
moons_low_nose,0.20896014331886312,KMeans,20
moons_low_nose,0.3993723935137391,Ward,20
moons_high_nose,0.25423286956998986,Spectral Custering,20
moons_high_nose,0.17363932274674584,KMeans,20
moons_high_nose,0.3502306922586288,Ward,20
blobs_2_low_nose,1.0,Spectral Custering,20
blobs_2_low_nose,1.0,KMeans,20
blobs_2_low_nose,1.0,Ward,20
blobs_2_high_nose,1.0,Spectral Custering,20
blobs_2_high_nose,1.0,KMeans,20
blobs_2_high_nose,1.0,Ward,20
blobs_4_low_nose,0.9231209857427136,Spectral Custering,20
blobs_4_low_nose,0.8452405039111002,KMeans,20
blobs_4_low_nose,0.4162417692552994,Ward,20
blobs_4_high_nose,0.9231209857427136,Spectral Custering,20
blobs_4_high_nose,0.8452405039111002,KMeans,20
blobs_4_high_nose,0.4162417692552994,Ward,20
cancer,0.4914245362245552,KMeans,30
cancer,0.2872456066095377,Ward,30
moons_low_nose,0.2892229247989673,Spectral Custering,30
moons_low_nose,0.26104066377837826,KMeans,30
moons_low_nose,0.1976492757851031,Ward,30
moons_high_nose,0.28922546895798296,Spectral Custering,30
moons_high_nose,0.2749538442081137,KMeans,30
moons_high_nose,0.2824032804421466,Ward,30
blobs_2_low_nose,1.0,Spectral Custering,30
blobs_2_low_nose,1.0,KMeans,30
blobs_2_low_nose,1.0,Ward,30
blobs_2_high_nose,1.0,Spectral Custering,30
blobs_2_high_nose,1.0,KMeans,30
blobs_2_high_nose,1.0,Ward,30
blobs_4_low_nose,0.7932718910925152,Spectral Custering,30
blobs_4_low_nose,0.782154521894629,KMeans,30
blobs_4_low_nose,0.3475885914436116,Ward,30
blobs_4_high_nose,0.7932718910925152,Spectral Custering,30
blobs_4_high_nose,0.782154521894629,KMeans,30
blobs_4_high_nose,0.3475885914436116,Ward,30
cancer,0.4914245362245552,KMeans,10
cancer,0.2872456066095377,Ward,10
moons_low_nose,0.2610424271348727,Spectral Custering,10
moons_low_nose,0.21516036237685432,KMeans,10
moons_low_nose,0.3265163201490819,Ward,10
moons_high_nose,0.27497114539544043,Spectral Custering,10
moons_high_nose,0.20895542422090715,KMeans,10
moons_high_nose,0.5461555908369246,Ward,10
blobs_2_low_nose,1.0,Spectral Custering,10
blobs_2_low_nose,1.0,KMeans,10
blobs_2_low_nose,0.9666643910913579,Ward,10
blobs_2_high_nose,1.0,Spectral Custering,10
blobs_2_high_nose,1.0,KMeans,10
blobs_2_high_nose,0.9666643910913579,Ward,10
blobs_4_low_nose,0.8709711187301886,Spectral Custering,10
blobs_4_low_nose,0.8610913303623672,KMeans,10
blobs_4_low_nose,0.4037209259026527,Ward,10
blobs_4_high_nose,0.8709711187301886,Spectral Custering,10
blobs_4_high_nose,0.8610913303623672,KMeans,10
blobs_4_high_nose,0.4037209259026527,Ward,10
cancer,0.4914245362245552,KMeans,40
cancer,0.2872456066095377,Ward,40
moons_low_nose,0.3038521109168124,Spectral Custering,40
moons_low_nose,0.2749555743640031,KMeans,40
moons_low_nose,0.37439828846496703,Ward,40
moons_high_nose,0.2965121377510813,Spectral Custering,40
moons_high_nose,0.26796259563615754,KMeans,40
moons_high_nose,0.6713046419573455,Ward,40
blobs_2_low_nose,1.0,Spectral Custering,40
blobs_2_low_nose,1.0,KMeans,40
blobs_2_low_nose,1.0,Ward,40
blobs_2_high_nose,1.0,Spectral Custering,40
blobs_2_high_nose,1.0,KMeans,40
blobs_2_high_nose,1.0,Ward,40
blobs_4_low_nose,0.9016683485988451,Spectral Custering,40
blobs_4_low_nose,0.9016683485988451,KMeans,40
blobs_4_low_nose,0.4559939832024248,Ward,40
blobs_4_high_nose,0.9016683485988451,Spectral Custering,40
blobs_4_high_nose,0.9016683485988451,KMeans,40
blobs_4_high_nose,0.4559939832024248,Ward,40
cancer,0.4914245362245552,KMeans,60
cancer,0.2872456066095377,Ward,60
moons_low_nose,0.28204367961600024,Spectral Custering,60
moons_low_nose,0.2610424271348727,KMeans,60
moons_low_nose,0.4698977564568494,Ward,60
moons_high_nose,0.3112982877296639,Spectral Custering,60
moons_high_nose,0.25421685309470543,KMeans,60
moons_high_nose,0.4078395825568393,Ward,60
blobs_2_low_nose,1.0,Spectral Custering,60
blobs_2_low_nose,1.0,KMeans,60
blobs_2_low_nose,1.0,Ward,60
blobs_2_high_nose,1.0,Spectral Custering,60
blobs_2_high_nose,1.0,KMeans,60
blobs_2_high_nose,1.0,Ward,60
blobs_4_low_nose,0.8602359463878725,Spectral Custering,60
blobs_4_low_nose,0.8396743530481864,KMeans,60
blobs_4_low_nose,0.4414629376786163,Ward,60
blobs_4_high_nose,0.8602359463878725,Spectral Custering,60
blobs_4_high_nose,0.8396743530481864,KMeans,60
blobs_4_high_nose,0.4414629376786163,Ward,60
cancer,0.4914245362245552,KMeans,100
cancer,0.2872456066095377,Ward,100
moons_low_nose,0.267952114569954,Spectral Custering,100
moons_low_nose,0.2342863747711604,KMeans,100
moons_low_nose,0.2825093794396959,Ward,100
moons_high_nose,0.2542208572780221,Spectral Custering,100
moons_high_nose,0.24748872081322595,KMeans,100
moons_high_nose,0.21535929995449365,Ward,100
blobs_2_low_nose,1.0,Spectral Custering,100
blobs_2_low_nose,1.0,KMeans,100
blobs_2_low_nose,1.0,Ward,100
blobs_2_high_nose,1.0,Spectral Custering,100
blobs_2_high_nose,1.0,KMeans,100
blobs_2_high_nose,1.0,Ward,100
blobs_4_low_nose,0.8392798744515382,Spectral Custering,100
blobs_4_low_nose,0.8295933873217847,KMeans,100
blobs_4_low_nose,0.40001048920485993,Ward,100
blobs_4_high_nose,0.8392798744515382,Spectral Custering,100
blobs_4_high_nose,0.8295933873217847,KMeans,100
blobs_4_high_nose,0.40001048920485993,Ward,100
cancer,0.4914245362245552,KMeans,50
cancer,0.2872456066095377,Ward,50
moons_low_nose,0.3112970551546278,Spectral Custering,50
moons_low_nose,0.24083922992439674,KMeans,50
moons_low_nose,0.2097276624618327,Ward,50
moons_high_nose,0.28922546895798296,Spectral Custering,50
moons_high_nose,0.267952114569954,KMeans,50
moons_high_nose,0.6071028407574975,Ward,50
blobs_2_low_nose,0.9666643910913579,Spectral Custering,50
blobs_2_low_nose,0.9666643910913579,KMeans,50
blobs_2_low_nose,0.9338895113981978,Ward,50
blobs_2_high_nose,0.9666643910913579,Spectral Custering,50
blobs_2_high_nose,0.9666643910913579,KMeans,50
blobs_2_high_nose,0.9338895113981978,Ward,50
blobs_4_low_nose,0.8407836814458121,Spectral Custering,50
blobs_4_low_nose,0.819979665719485,KMeans,50
blobs_4_low_nose,0.4010221114597117,Ward,50
blobs_4_high_nose,0.8407836814458121,Spectral Custering,50
blobs_4_high_nose,0.819979665719485,KMeans,50
blobs_4_high_nose,0.4010221114597117,Ward,50
cancer,0.4914245362245552,KMeans,80
cancer,0.2872456066095377,Ward,80
moons_low_nose,0.30385460270312714,Spectral Custering,80
moons_low_nose,0.2610450721538351,KMeans,80
moons_low_nose,0.38263338167679817,Ward,80
moons_high_nose,0.3112982877296639,Spectral Custering,80
moons_high_nose,0.2749555743640031,KMeans,80
moons_high_nose,0.2221645743313345,Ward,80
blobs_2_low_nose,1.0,Spectral Custering,80
blobs_2_low_nose,1.0,KMeans,80
blobs_2_low_nose,1.0,Ward,80
blobs_2_high_nose,1.0,Spectral Custering,80
blobs_2_high_nose,1.0,KMeans,80
blobs_2_high_nose,1.0,Ward,80
blobs_4_low_nose,0.9125022538236608,Spectral Custering,80
blobs_4_low_nose,0.9236466322945522,KMeans,80
blobs_4_low_nose,0.4006425217285771,Ward,80
blobs_4_high_nose,0.9125022538236608,Spectral Custering,80
blobs_4_high_nose,0.9236466322945522,KMeans,80
blobs_4_high_nose,0.4006425217285771,Ward,80
